tenure_bracket,Churn_Rate
0-1 years,48.284195263412279
1-2 years,29.512893982808023
2-3 years,22.031963470319635
3-4 years,19.518716577540108
4-5 years,15.0
5-6 years,8.2961641391614638
6-7 years,1.6574585635359116