PaymentMethod,Churn_Rate
Bank transfer (automatic),16.709844559585495
Mailed check,19.106699751861044
Electronic check,45.285412262156449
Credit card (automatic),15.243101182654403