Churn,AverageMonthlyCharge,AverageTotalCharge
false,61.265123695400121,2555.3441410032924
true,74.4413322632425,1531.7960941680049
